Request Type,  Path,  Pin,  Prog,  Open Id,  ZYQ FileName
,,,,,
 47 (FS Request),, (49.2.3693),, 493024614286956,
 8 (FS Request),,,, 493024614286956,
 25 (FS Request)," (""./dx.sh"")", (49.2.3594), (\NSSTS14.$OSS.ZYQ00000.Z00000HH),,
 27 (FS Request)," (""./dx.sh"")", (49.2.3594), (\NSSTS14.$OSS.ZYQ00000.Z00000HH),,
 21 (FS Request)," (""/usr/coreutils/bin/bash"")", (49.2.3594), (\NSSTS14.$OSS.ZYQ00000.Z00000HH),,
 47 (FS Request),, (49.2.3462),, 493024614286957,
 21 (FS Request)," (""/lib/libfloss.so"")", (49.2.3462), (\NSSTS14.$SYSTEM.SYS05.NOPROGRM),,
 21 (FS Request)," (""/usr/lib/libfloss.so"")", (49.2.3462), (\NSSTS14.$SYSTEM.SYS05.NOPROGRM),,
 21 (FS Request)," (""/usr/local/lib/libfloss.so"")", (49.2.3462), (\NSSTS14.$SYSTEM.SYS05.NOPROGRM),,
 46 (FS Request)," (""/G/system/zdll006/zcredll"")", (49.2.3462), (\NSSTS14.$SYSTEM.SYS05.NOPROGRM),," (""$SYSTEM.ZDLL006.ZCREDLL"")"
 46 (FS Request)," (""/G/system/zdll006/zcrtldll"")", (49.2.3462), (\NSSTS14.$SYSTEM.SYS05.NOPROGRM),," (""$SYSTEM.ZDLL006.ZCRTLDLL"")"
 46 (FS Request)," (""/G/system/zdll006/zi18ndll"")", (49.2.3462), (\NSSTS14.$SYSTEM.SYS05.NOPROGRM),," (""$SYSTEM.ZDLL006.ZI18NDLL"")"
 46 (FS Request)," (""/G/system/zdll006/zossfdll"")", (49.2.3462), (\NSSTS14.$SYSTEM.SYS05.NOPROGRM),," (""$SYSTEM.ZDLL006.ZOSSFDLL"")"
 46 (FS Request)," (""/G/system/zdll006/zosskdll"")", (49.2.3462), (\NSSTS14.$SYSTEM.SYS05.NOPROGRM),," (""$SYSTEM.ZDLL006.ZOSSKDLL"")"
 46 (FS Request)," (""/G/system/zdll006/zossedll"")", (49.2.3462), (\NSSTS14.$SYSTEM.SYS05.NOPROGRM),," (""$SYSTEM.ZDLL006.ZOSSEDLL"")"
 30 (FS Request)," (""/home/annarao/THD/client"")", (49.2.3462), (\NSSTS14.$OSS.ZYQ00000.Z0000BZY),,
 30 (FS Request)," (""."")", (49.2.3462), (\NSSTS14.$OSS.ZYQ00000.Z0000BZY),,
 27 (FS Request)," (""./dx.sh"")", (49.2.3462), (\NSSTS14.$OSS.ZYQ00000.Z0000BZY),,
 27 (FS Request)," (""/dev/null"")", (49.2.4339), (\NSSTS14.$OSS.ZYQ00000.Z0000BZY),,
 21 (FS Request)," (""./driver"")", (49.2.3333), (\NSSTS14.$OSS.ZYQ00000.Z0000BZY),,
 21 (FS Request)," (""./driver"")", (49.2.4339), (\NSSTS14.$OSS.ZYQ00000.Z0000BZY),,
 21 (FS Request)," (""./driver"")", (49.2.4644), (\NSSTS14.$OSS.ZYQ00000.Z0000BZY),,
 21 (FS Request)," (""./driver"")", (49.2.3643), (\NSSTS14.$OSS.ZYQ00000.Z0000BZY),,
 27 (FS Request)," (""/dev/null"")", (49.2.4659), (\NSSTS14.$OSS.ZYQ00000.Z0000BZY),,
 21 (FS Request)," (""./driver"")", (49.2.3627), (\NSSTS14.$OSS.ZYQ00000.Z0000BZY),,
 21 (FS Request)," (""./driver"")", (49.2.3626), (\NSSTS14.$OSS.ZYQ00000.Z0000BZY),,
 21 (FS Request)," (""./driver"")", (49.2.908), (\NSSTS14.$OSS.ZYQ00000.Z0000BZY),,
 27 (FS Request)," (""/dev/null"")", (49.2.4273), (\NSSTS14.$OSS.ZYQ00000.Z0000BZY),,
 21 (FS Request)," (""./driver"")", (49.2.726), (\NSSTS14.$OSS.ZYQ00000.Z0000BZY),,
 21 (FS Request)," (""./driver"")", (49.2.3656), (\NSSTS14.$OSS.ZYQ00000.Z0000BZY),,
 21 (FS Request)," (""./driver"")", (49.2.4261), (\NSSTS14.$OSS.ZYQ00000.Z0000BZY),,
 27 (FS Request)," (""/dev/null"")", (49.2.319), (\NSSTS14.$OSS.ZYQ00000.Z0000BZY),,
 21 (FS Request)," (""./driver"")", (49.2.4857), (\NSSTS14.$OSS.ZYQ00000.Z0000BZY),,
 21 (FS Request)," (""./driver"")", (49.2.3589), (\NSSTS14.$OSS.ZYQ00000.Z0000BZY),,
 21 (FS Request)," (""./driver"")", (49.2.3423), (\NSSTS14.$OSS.ZYQ00000.Z0000BZY),,
 27 (FS Request)," (""/dev/null"")", (49.2.3638), (\NSSTS14.$OSS.ZYQ00000.Z0000BZY),,
 21 (FS Request)," (""./driver"")", (49.2.3590), (\NSSTS14.$OSS.ZYQ00000.Z0000BZY),,
 21 (FS Request)," (""./driver"")", (49.2.4274), (\NSSTS14.$OSS.ZYQ00000.Z0000BZY),,
 21 (FS Request)," (""./driver"")", (49.2.3700), (\NSSTS14.$OSS.ZYQ00000.Z0000BZY),,
 27 (FS Request)," (""/dev/null"")", (49.2.3704), (\NSSTS14.$OSS.ZYQ00000.Z0000BZY),,
 21 (FS Request)," (""./driver"")", (49.2.3424), (\NSSTS14.$OSS.ZYQ00000.Z0000BZY),,
 21 (FS Request)," (""./driver"")", (49.2.4659), (\NSSTS14.$OSS.ZYQ00000.Z0000BZY),,
 21 (FS Request)," (""./driver"")", (49.2.473), (\NSSTS14.$OSS.ZYQ00000.Z0000BZY),,
 21 (FS Request)," (""./driver"")", (49.2.4880), (\NSSTS14.$OSS.ZYQ00000.Z0000BZY),,
 27 (FS Request)," (""/dev/null"")", (49.2.4745), (\NSSTS14.$OSS.ZYQ00000.Z0000BZY),,
 21 (FS Request)," (""./driver"")", (49.2.4419), (\NSSTS14.$OSS.ZYQ00000.Z0000BZY),,
 21 (FS Request)," (""./driver"")", (49.2.3628), (\NSSTS14.$OSS.ZYQ00000.Z0000BZY),,
 21 (FS Request)," (""./driver"")", (49.2.3430), (\NSSTS14.$OSS.ZYQ00000.Z0000BZY),,
 47 (FS Request),, (49.1.936),, 493024614286958,
 27 (FS Request)," (""/dev/null"")", (49.2.3630), (\NSSTS14.$OSS.ZYQ00000.Z0000BZY),,
 21 (FS Request)," (""./driver"")", (49.2.4653), (\NSSTS14.$OSS.ZYQ00000.Z0000BZY),,
 21 (FS Request)," (""./driver"")", (49.2.4823), (\NSSTS14.$OSS.ZYQ00000.Z0000BZY),,
 21 (FS Request)," (""./driver"")", (49.2.4352), (\NSSTS14.$OSS.ZYQ00000.Z0000BZY),,
 27 (FS Request)," (""/dev/null"")", (49.2.3453), (\NSSTS14.$OSS.ZYQ00000.Z0000BZY),,
 21 (FS Request)," (""./driver"")", (49.2.3436), (\NSSTS14.$OSS.ZYQ00000.Z0000BZY),,
 21 (FS Request)," (""./driver"")", (49.2.4273), (\NSSTS14.$OSS.ZYQ00000.Z0000BZY),,
 21 (FS Request)," (""./driver"")", (49.2.3415), (\NSSTS14.$OSS.ZYQ00000.Z0000BZY),,
 21 (FS Request)," (""./driver"")", (49.2.3562), (\NSSTS14.$OSS.ZYQ00000.Z0000BZY),,
 27 (FS Request)," (""/dev/null"")", (49.2.4763), (\NSSTS14.$OSS.ZYQ00000.Z0000BZY),,
 21 (FS Request)," (""./driver"")", (49.2.362), (\NSSTS14.$OSS.ZYQ00000.Z0000BZY),,
 21 (FS Request)," (""./driver"")", (49.2.3458), (\NSSTS14.$OSS.ZYQ00000.Z0000BZY),,
 21 (FS Request)," (""./driver"")", (49.2.4981), (\NSSTS14.$OSS.ZYQ00000.Z0000BZY),,
 27 (FS Request)," (""/dev/null"")", (49.2.3606), (\NSSTS14.$OSS.ZYQ00000.Z0000BZY),,
 21 (FS Request)," (""./driver"")", (49.2.2668), (\NSSTS14.$OSS.ZYQ00000.Z0000BZY),,
 21 (FS Request)," (""./driver"")", (49.2.3605), (\NSSTS14.$OSS.ZYQ00000.Z0000BZY),,
 21 (FS Request)," (""./driver"")", (49.2.601), (\NSSTS14.$OSS.ZYQ00000.Z0000BZY),,
 27 (FS Request)," (""/dev/null"")", (49.2.4466), (\NSSTS14.$OSS.ZYQ00000.Z0000BZY),,
 21 (FS Request)," (""./driver"")", (49.2.319), (\NSSTS14.$OSS.ZYQ00000.Z0000BZY),,
 21 (FS Request)," (""./driver"")", (49.2.699), (\NSSTS14.$OSS.ZYQ00000.Z0000BZY),,
 21 (FS Request)," (""./driver"")", (49.2.4489), (\NSSTS14.$OSS.ZYQ00000.Z0000BZY),,
 21 (FS Request)," (""./driver"")", (49.2.2562), (\NSSTS14.$OSS.ZYQ00000.Z0000BZY),,
 27 (FS Request)," (""/dev/null"")", (49.2.2845), (\NSSTS14.$OSS.ZYQ00000.Z0000BZY),,
 21 (FS Request)," (""./driver"")", (49.2.2916), (\NSSTS14.$OSS.ZYQ00000.Z0000BZY),,
 21 (FS Request)," (""./driver"")", (49.2.2869), (\NSSTS14.$OSS.ZYQ00000.Z0000BZY),,
 21 (FS Request)," (""./driver"")", (49.2.2586), (\NSSTS14.$OSS.ZYQ00000.Z0000BZY),,
 27 (FS Request)," (""/dev/null"")", (49.2.360), (\NSSTS14.$OSS.ZYQ00000.Z0000BZY),,
 21 (FS Request)," (""./driver"")", (49.2.3664), (\NSSTS14.$OSS.ZYQ00000.Z0000BZY),,
 21 (FS Request)," (""./driver"")", (49.2.4524), (\NSSTS14.$OSS.ZYQ00000.Z0000BZY),,
 21 (FS Request)," (""./driver"")", (49.2.968), (\NSSTS14.$OSS.ZYQ00000.Z0000BZY),,
 21 (FS Request)," (""./driver"")", (49.2.3638), (\NSSTS14.$OSS.ZYQ00000.Z0000BZY),,
 27 (FS Request)," (""/dev/null"")", (49.2.3654), (\NSSTS14.$OSS.ZYQ00000.Z0000BZY),,
 21 (FS Request)," (""./driver"")", (49.2.4476), (\NSSTS14.$OSS.ZYQ00000.Z0000BZY),,
 21 (FS Request)," (""./driver"")", (49.2.4730), (\NSSTS14.$OSS.ZYQ00000.Z0000BZY),,
 21 (FS Request)," (""./driver"")", (49.2.753), (\NSSTS14.$OSS.ZYQ00000.Z0000BZY),,
 27 (FS Request)," (""/dev/null"")", (49.2.603), (\NSSTS14.$OSS.ZYQ00000.Z0000BZY),,
 21 (FS Request)," (""./driver"")", (49.2.4269), (\NSSTS14.$OSS.ZYQ00000.Z0000BZY),,
 21 (FS Request)," (""./driver"")", (49.2.4542), (\NSSTS14.$OSS.ZYQ00000.Z0000BZY),,
 21 (FS Request)," (""./driver"")", (49.2.3669), (\NSSTS14.$OSS.ZYQ00000.Z0000BZY),,
 27 (FS Request)," (""/dev/null"")", (49.2.934), (\NSSTS14.$OSS.ZYQ00000.Z0000BZY),,
 21 (FS Request)," (""./driver"")", (49.2.3617), (\NSSTS14.$OSS.ZYQ00000.Z0000BZY),,
 21 (FS Request)," (""./driver"")", (49.2.3704), (\NSSTS14.$OSS.ZYQ00000.Z0000BZY),,
 21 (FS Request)," (""./driver"")", (49.2.3683), (\NSSTS14.$OSS.ZYQ00000.Z0000BZY),,
 21 (FS Request)," (""./driver"")", (49.2.4478), (\NSSTS14.$OSS.ZYQ00000.Z0000BZY),,
 27 (FS Request)," (""/dev/null"")", (49.2.3663), (\NSSTS14.$OSS.ZYQ00000.Z0000BZY),,
 21 (FS Request)," (""./driver"")", (49.2.3648), (\NSSTS14.$OSS.ZYQ00000.Z0000BZY),,
 21 (FS Request)," (""./driver"")", (49.2.4521), (\NSSTS14.$OSS.ZYQ00000.Z0000BZY),,
 21 (FS Request)," (""./driver"")", (49.2.3699), (\NSSTS14.$OSS.ZYQ00000.Z0000BZY),,
 27 (FS Request)," (""/dev/null"")", (49.2.751), (\NSSTS14.$OSS.ZYQ00000.Z0000BZY),,
 21 (FS Request)," (""./driver"")", (49.2.4459), (\NSSTS14.$OSS.ZYQ00000.Z0000BZY),,
 21 (FS Request)," (""./driver"")", (49.2.5140), (\NSSTS14.$OSS.ZYQ00000.Z0000BZY),,
 21 (FS Request)," (""./driver"")", (49.2.3673), (\NSSTS14.$OSS.ZYQ00000.Z0000BZY),,
 27 (FS Request)," (""/dev/null"")", (49.2.4752), (\NSSTS14.$OSS.ZYQ00000.Z0000BZY),,
 21 (FS Request)," (""./driver"")", (49.2.5153), (\NSSTS14.$OSS.ZYQ00000.Z0000BZY),,
 21 (FS Request)," (""./driver"")", (49.2.3646), (\NSSTS14.$OSS.ZYQ00000.Z0000BZY),,
 21 (FS Request)," (""./driver"")", (49.2.4745), (\NSSTS14.$OSS.ZYQ00000.Z0000BZY),,
 21 (FS Request)," (""./driver"")", (49.2.358), (\NSSTS14.$OSS.ZYQ00000.Z0000BZY),,
 27 (FS Request)," (""/dev/null"")", (49.2.496), (\NSSTS14.$OSS.ZYQ00000.Z0000BZY),,
 21 (FS Request)," (""./driver"")", (49.2.4495), (\NSSTS14.$OSS.ZYQ00000.Z0000BZY),,
 21 (FS Request)," (""./driver"")", (49.2.985), (\NSSTS14.$OSS.ZYQ00000.Z0000BZY),,
 21 (FS Request)," (""./driver"")", (49.2.954), (\NSSTS14.$OSS.ZYQ00000.Z0000BZY),,
 27 (FS Request)," (""/dev/null"")", (49.2.4875), (\NSSTS14.$OSS.ZYQ00000.Z0000BZY),,
 21 (FS Request)," (""./driver"")", (49.2.1373), (\NSSTS14.$OSS.ZYQ00000.Z0000BZY),,
 21 (FS Request)," (""./driver"")", (49.2.3713), (\NSSTS14.$OSS.ZYQ00000.Z0000BZY),,
 21 (FS Request)," (""./driver"")", (49.2.4287), (\NSSTS14.$OSS.ZYQ00000.Z0000BZY),,
 27 (FS Request)," (""/dev/null"")", (49.2.3560), (\NSSTS14.$OSS.ZYQ00000.Z0000BZY),,
 21 (FS Request)," (""./driver"")", (49.2.3635), (\NSSTS14.$OSS.ZYQ00000.Z0000BZY),,
 21 (FS Request)," (""./driver"")", (49.2.3662), (\NSSTS14.$OSS.ZYQ00000.Z0000BZY),,
 21 (FS Request)," (""./driver"")", (49.2.3672), (\NSSTS14.$OSS.ZYQ00000.Z0000BZY),,
 27 (FS Request)," (""/dev/null"")", (49.2.3642), (\NSSTS14.$OSS.ZYQ00000.Z0000BZY),,
 46 (FS Request)," (""/G/system/zdll006/zinetdll"")", (49.1.936), (\NSSTS14.$SYSTEM.SYS05.NOPROGRM),," (""$SYSTEM.ZDLL006.ZINETDLL"")"
 21 (FS Request)," (""./driver"")", (49.2.3691), (\NSSTS14.$OSS.ZYQ00000.Z0000BZY),,
 21 (FS Request)," (""./driver"")", (49.2.3696), (\NSSTS14.$OSS.ZYQ00000.Z0000BZY),,
 21 (FS Request)," (""./driver"")", (49.2.3630), (\NSSTS14.$OSS.ZYQ00000.Z0000BZY),,
 21 (FS Request)," (""./driver"")", (49.2.3593), (\NSSTS14.$OSS.ZYQ00000.Z0000BZY),,
 27 (FS Request)," (""/dev/null"")", (49.2.3677), (\NSSTS14.$OSS.ZYQ00000.Z0000BZY),,
 21 (FS Request)," (""./driver"")", (49.2.3684), (\NSSTS14.$OSS.ZYQ00000.Z0000BZY),,
 21 (FS Request)," (""./driver"")", (49.2.3685), (\NSSTS14.$OSS.ZYQ00000.Z0000BZY),,
 21 (FS Request)," (""./driver"")", (49.2.4510), (\NSSTS14.$OSS.ZYQ00000.Z0000BZY),,
 27 (FS Request)," (""/dev/null"")", (49.2.3692), (\NSSTS14.$OSS.ZYQ00000.Z0000BZY),,
 21 (FS Request)," (""./driver"")", (49.2.3661), (\NSSTS14.$OSS.ZYQ00000.Z0000BZY),,
 21 (FS Request)," (""./driver"")", (49.2.3667), (\NSSTS14.$OSS.ZYQ00000.Z0000BZY),,
,,,,,
